run,epoch_index,iteration,selection_split,foreground_demo_selection_dice
A_s0,0,76,test,0.4719672947130884
A_s0,1,152,test,0.2928530089034183
A_s0,2,228,test,0.5307152077730062
A_s0,3,304,test,0.42099583685953074
A_s0,4,380,test,0.4754680889066177
A_s0,5,456,test,0.4256431836888251
A_s0,6,532,test,0.6101455434649107
A_s0,7,608,test,0.10347467162320478
A_s0,8,684,test,0.5560633271085965
A_s0,9,760,test,0.31442996986407284
A_s0,10,836,test,0.40368891163740517
A_s0,11,912,test,0.2616509586872881
A_s0,12,988,test,0.41709498043937776
A_s0,13,1064,test,0.6278962206840782
A_s0,14,1140,test,0.4297753961661533
A_s0,15,1216,test,0.5763751494107775
A_s0,16,1292,test,0.7475147549520761
A_s0,17,1368,test,0.45214966477395885
A_s0,18,1444,test,0.6920733711370332
A_s0,19,1520,test,0.5808601216027204
A_s1,0,76,test,2.4113855252239273e-10
A_s1,1,152,test,0.22039075602206495
A_s1,2,228,test,0.29646769127874273
A_s1,3,304,test,2.4039811577473105e-10
A_s1,4,380,test,0.41561701715282434
A_s1,5,456,test,0.37402984438774217
A_s1,6,532,test,0.4305907420074448
A_s1,7,608,test,0.15960537162870816
A_s1,8,684,test,0.4099496224956605
A_s1,9,760,test,0.3613306126122002
A_s1,10,836,test,0.4590118440069184
A_s1,11,912,test,0.2702584886471189
A_s1,12,988,test,0.4523039661856149
A_s1,13,1064,test,0.6808777734850588
A_s1,14,1140,test,0.6605413048591111
A_s1,15,1216,test,0.6568270109681745
A_s1,16,1292,test,0.6884670509489469
A_s1,17,1368,test,0.6008884658284159
A_s1,18,1444,test,0.6999537002050066
A_s1,19,1520,test,0.5882445431481643
A_s2,0,76,test,0.31510383767397127
A_s2,1,152,test,0.2524849223907916
A_s2,2,228,test,0.39478192717208077
A_s2,3,304,test,0.4243279817377191
A_s2,4,380,test,0.5813731983477483
A_s2,5,456,test,0.13765791974274724
A_s2,6,532,test,0.45302622081593197
A_s2,7,608,test,0.15158374171266675
A_s2,8,684,test,0.37209474046286434
A_s2,9,760,test,0.11819732561737219
A_s2,10,836,test,0.25787078764237376
A_s2,11,912,test,0.16014900819886574
A_s2,12,988,test,0.0549721664898615
A_s2,13,1064,test,0.5310499193187744
A_s2,14,1140,test,0.6144040548428223
A_s2,15,1216,test,0.615474912874316
A_s2,16,1292,test,0.7591552963267544
A_s2,17,1368,test,0.6838584028490623
A_s2,18,1444,test,0.667783074080667
A_s2,19,1520,test,0.6224118478533159
A_s3,0,76,test,2.4113855252239273e-10
A_s3,1,152,test,0.15223982396301863
A_s3,2,228,test,0.2566336891642971
A_s3,3,304,test,0.17020524827894992
A_s3,4,380,test,0.4891421915207435
A_s3,5,456,test,0.15678954024084266
A_s3,6,532,test,0.5092154800951252
A_s3,7,608,test,0.15369742489239976
A_s3,8,684,test,0.46802817455245777
A_s3,9,760,test,0.21405116761720153
A_s3,10,836,test,0.41731117158007075
A_s3,11,912,test,0.21202997886777833
A_s3,12,988,test,0.2571562237206457
A_s3,13,1064,test,0.4818654136774904
A_s3,14,1140,test,0.6174239717736857
A_s3,15,1216,test,0.6102676117943054
A_s3,16,1292,test,0.4770484771948416
A_s3,17,1368,test,0.3559010728791967
A_s3,18,1444,test,0.4564027352616123
A_s3,19,1520,test,0.47546363218450055
A_formal80,0,76,test,0.17365017277732434
A_formal80,1,152,test,0.26114174271727686
A_formal80,2,228,test,0.16955018522084878
A_formal80,3,304,test,0.3805028908763364
A_formal80,4,380,test,0.5491189983212409
A_formal80,5,456,test,0.12821961403946888
A_formal80,6,532,test,0.4103167054593353
A_formal80,7,608,test,0.18639613645496755
A_formal80,8,684,test,0.4611505078801115
A_formal80,9,760,test,0.2552450837441695
A_formal80,10,836,test,0.0007263429977959109
A_formal80,11,912,test,0.15019258326620863
A_formal80,12,988,test,0.3112765930072215
A_formal80,13,1064,test,0.4060899047206093
A_formal80,14,1140,test,2.3047792527786473e-10
A_formal80,15,1216,test,0.37770614807070024
A_formal80,16,1292,test,0.36009845347684416
A_formal80,17,1368,test,0.2673429808506553
A_formal80,18,1444,test,0.3145544896035452
A_formal80,19,1520,test,0.12837535082243715
A_formal80,20,1596,test,0.28736727918329924
A_formal80,21,1672,test,0.33864521252798885
A_formal80,22,1748,test,0.39487081732160867
A_formal80,23,1824,test,0.13474754502890685
A_formal80,24,1900,test,0.3222236737770822
A_formal80,25,1976,test,0.37557280662933334
A_formal80,26,2052,test,1.775159912440884e-10
A_formal80,27,2128,test,0.3992561833351866
A_formal80,28,2204,test,0.4913151198211154
A_formal80,29,2280,test,0.41117032417840366
A_formal80,30,2356,test,0.5316221551823846
A_formal80,31,2432,test,0.5705793819634017
A_formal80,32,2508,test,0.36156761202357784
A_formal80,33,2584,test,0.19794895602983478
A_formal80,34,2660,test,0.5319288292954546
A_formal80,35,2736,test,0.42145074562547885
A_formal80,36,2812,test,0.4778373990691014
A_formal80,37,2888,test,0.3183783709400009
A_formal80,38,2964,test,0.4291840924567612
A_formal80,39,3040,test,0.5614934792388483
A_formal80,40,3116,test,0.569473725319317
A_formal80,41,3192,test,0.4542521513258182
A_formal80,42,3268,test,0.490839041899388
A_formal80,43,3344,test,0.49911591055402343
A_formal80,44,3420,test,0.5842726164529811
A_formal80,45,3496,test,0.5481099633271559
A_formal80,46,3572,test,0.4586391088015836
A_formal80,47,3648,test,0.4365736422009469
A_formal80,48,3724,test,0.15034562711383057
A_formal80,49,3800,test,0.4614152098921875
A_formal80,50,3876,test,0.2922749927443605
A_formal80,51,3952,test,0.3131161160968226
A_formal80,52,4028,test,0.3875193305688762
A_formal80,53,4104,test,0.38165343109491373
A_formal80,54,4180,test,0.38573667335830536
A_formal80,55,4256,test,0.26957705874565874
A_formal80,56,4332,test,0.0925593221085584
A_formal80,57,4408,test,0.2225679434359605
A_formal80,58,4484,test,0.5406444917633543
A_formal80,59,4560,test,0.2958377309683479
A_formal80,60,4636,test,0.5442734220724114
A_formal80,61,4712,test,0.4541027570603684
A_formal80,62,4788,test,0.32408524690675916
A_formal80,63,4864,test,0.5693513527836209
A_formal80,64,4940,test,0.5038367496838696
A_formal80,65,5016,test,0.47455785861606553
A_formal80,66,5092,test,0.49044170733474113
A_formal80,67,5168,test,0.4828454579970745
A_formal80,68,5244,test,0.49016825448129886
A_formal80,69,5320,test,0.49825068080279095
A_formal80,70,5396,test,0.41362187062425265
A_formal80,71,5472,test,0.4561943972807036
A_formal80,72,5548,test,0.3990438892897589
A_formal80,73,5624,test,0.4469889633865604
A_formal80,74,5700,test,0.42483423042793317
A_formal80,75,5776,test,0.4935774657644805
A_formal80,76,5852,test,0.45100636037699865
A_formal80,77,5928,test,0.4691667580430276
A_formal80,78,6004,test,0.4977744866172553
A_formal80,79,6080,test,0.4949813388982259
B_s0,0,42,test,0.19989277823372653
B_s0,1,84,test,0.06559083749167914
B_s0,2,126,test,0.2880692685787158
B_s0,3,168,test,0.08938132882279164
B_s0,4,210,test,0.2050531894183362
B_s0,5,252,test,0.2814010095649393
B_s0,6,294,test,0.43862617446201363
B_s0,7,336,test,0.4920094867353087
B_s0,8,378,test,0.4037917131110355
B_s0,9,420,test,0.5515986991921188
B_s0,10,462,test,0.5041600273738333
B_s0,11,504,test,0.02988318739137956
B_s0,12,546,test,0.4567938922788219
B_s0,13,588,test,0.4628726923607637
B_s0,14,630,test,0.42546030960856757
B_s0,15,672,test,0.43598346705412633
B_s0,16,714,test,0.4103088560878892
B_s0,17,756,test,0.4360697196753862
B_s0,18,798,test,0.48968898374418623
B_s0,19,840,test,0.43527852702481223
B_s1,0,42,test,0.009705667177395072
B_s1,1,84,test,0.19567873470414696
B_s1,2,126,test,0.2458356404316527
B_s1,3,168,test,0.14704893767930405
B_s1,4,210,test,0.24547889605446982
B_s1,5,252,test,0.3194515463026986
B_s1,6,294,test,0.40960647820163615
B_s1,7,336,test,0.40622001641898664
B_s1,8,378,test,0.3479590386284401
B_s1,9,420,test,0.4334834610655636
B_s1,10,462,test,0.4952747911974373
B_s1,11,504,test,0.09111834158694805
B_s1,12,546,test,0.44384289549251116
B_s1,13,588,test,0.43047523072362087
B_s1,14,630,test,0.40482028331180836
B_s1,15,672,test,0.3802869847753301
B_s1,16,714,test,0.38702284250938623
B_s1,17,756,test,0.46244269458130677
B_s1,18,798,test,0.47284901311278
B_s1,19,840,test,0.46894942870670486
B_s2,0,42,test,4.689242299927469e-10
B_s2,1,84,test,0.0888373010294532
B_s2,2,126,test,0.15110493749540452
B_s2,3,168,test,0.20852732673378016
B_s2,4,210,test,0.2674935533600343
B_s2,5,252,test,0.2957767238146533
B_s2,6,294,test,0.43622344509624833
B_s2,7,336,test,0.41685364800862673
B_s2,8,378,test,0.3156849427083514
B_s2,9,420,test,0.5094190943051526
B_s2,10,462,test,0.47677981933144764
B_s2,11,504,test,0.040223411512599616
B_s2,12,546,test,0.4076648220068692
B_s2,13,588,test,0.39077759314055505
B_s2,14,630,test,0.4087122975057857
B_s2,15,672,test,0.4311657143766287
B_s2,16,714,test,0.36851574646323065
B_s2,17,756,test,0.32512126321855206
B_s2,18,798,test,0.46301885469545373
B_s2,19,840,test,0.45188776763349225
B_s3,0,42,test,4.689242299927469e-10
B_s3,1,84,test,0.26230027373931036
B_s3,2,126,test,0.3968730309613729
B_s3,3,168,test,0.1406187541551763
B_s3,4,210,test,0.2136001628538661
B_s3,5,252,test,0.38797686281601224
B_s3,6,294,test,0.33950734209163697
B_s3,7,336,test,0.20737805141718915
B_s3,8,378,test,0.35908760538133944
B_s3,9,420,test,0.44014342708629295
B_s3,10,462,test,0.47452353461110536
B_s3,11,504,test,0.26193368203373946
B_s3,12,546,test,0.3451169055551843
B_s3,13,588,test,0.3230355434896222
B_s3,14,630,test,0.3643752694019831
B_s3,15,672,test,0.3338253372628576
B_s3,16,714,test,0.33040256676482443
B_s3,17,756,test,0.3876549670018043
B_s3,18,798,test,0.3570406705771643
B_s3,19,840,test,0.33850759849499373
B_formal80,0,42,test,0.06831419150975308
B_formal80,1,84,test,0.07841484788455176
B_formal80,2,126,test,0.2509696694071407
B_formal80,3,168,test,0.33138263803403695
B_formal80,4,210,test,0.37187292910270564
B_formal80,5,252,test,0.34346123398883277
B_formal80,6,294,test,0.3460858042854209
B_formal80,7,336,test,0.26932162211627375
B_formal80,8,378,test,0.5451726862571654
B_formal80,9,420,test,0.4786057797645525
B_formal80,10,462,test,0.43471067100020105
B_formal80,11,504,test,0.11002061623387553
B_formal80,12,546,test,0.3540532982382654
B_formal80,13,588,test,0.4175475820703502
B_formal80,14,630,test,0.4525027680642421
B_formal80,15,672,test,0.3646455473731686
B_formal80,16,714,test,0.3930191279063176
B_formal80,17,756,test,0.4797317316499834
B_formal80,18,798,test,0.44541913579140724
B_formal80,19,840,test,0.47098875846143234
B_formal80,20,882,test,0.370430626353422
B_formal80,21,924,test,0.4320014520998468
B_formal80,22,966,test,0.5185251338377774
B_formal80,23,1008,test,0.42715648326056277
B_formal80,24,1050,test,0.45252993278212555
B_formal80,25,1092,test,0.4420255637084776
B_formal80,26,1134,test,0.49841645319199074
B_formal80,27,1176,test,0.19499773175816912
B_formal80,28,1218,test,0.39477702019781297
B_formal80,29,1260,test,0.2802238823805846
B_formal80,30,1302,test,0.44904187454120853
B_formal80,31,1344,test,0.47420324852569773
B_formal80,32,1386,test,0.46166407254660485
B_formal80,33,1428,test,0.4062351282702963
B_formal80,34,1470,test,0.4241979412357116
B_formal80,35,1512,test,0.3927732577325642
B_formal80,36,1554,test,0.42991260839697804
B_formal80,37,1596,test,0.4467325497838324
B_formal80,38,1638,test,0.45582940021199597
B_formal80,39,1680,test,0.4151473603713424
B_formal80,40,1722,test,0.531094097879676
B_formal80,41,1764,test,0.5523577062776047
B_formal80,42,1806,test,0.5006708079378027
B_formal80,43,1848,test,0.3686930181478674
B_formal80,44,1890,test,0.4034501387942746
B_formal80,45,1932,test,0.3709486119679137
B_formal80,46,1974,test,0.41154777463880715
B_formal80,47,2016,test,0.41762253722882864
B_formal80,48,2058,test,0.36098918777943695
B_formal80,49,2100,test,0.4303100696259589
B_formal80,50,2142,test,0.46265043808663053
B_formal80,51,2184,test,0.46803536597493384
B_formal80,52,2226,test,0.37511507461542587
B_formal80,53,2268,test,0.46568357835250795
B_formal80,54,2310,test,0.42699314412677025
B_formal80,55,2352,test,0.41713868990392783
B_formal80,56,2394,test,0.4852129633767934
B_formal80,57,2436,test,0.49209766716580255
B_formal80,58,2478,test,0.4584085669891551
B_formal80,59,2520,test,0.4853088090471404
B_formal80,60,2562,test,0.46463422595713366
B_formal80,61,2604,test,0.44914339439079837
B_formal80,62,2646,test,0.4928792112022742
B_formal80,63,2688,test,0.48736310125496546
B_formal80,64,2730,test,0.5191200815252087
B_formal80,65,2772,test,0.4822732493862761
B_formal80,66,2814,test,0.5254744908729383
B_formal80,67,2856,test,0.4767144141474424
B_formal80,68,2898,test,0.47173345805456285
B_formal80,69,2940,test,0.47838422189447893
B_formal80,70,2982,test,0.48856281705384524
B_formal80,71,3024,test,0.4406768139151814
B_formal80,72,3066,test,0.4561895032910644
B_formal80,73,3108,test,0.4339271679407732
B_formal80,74,3150,test,0.41545478544381836
B_formal80,75,3192,test,0.4830291823856114
B_formal80,76,3234,test,0.47251056217871296
B_formal80,77,3276,test,0.4897368393928178
B_formal80,78,3318,test,0.43189903026804294
B_formal80,79,3360,test,0.4649117436107679
C_s0,0,87,test,0.1614034535915475
C_s0,1,174,test,0.39461725037795614
C_s0,2,261,test,0.4422329746186681
C_s0,3,348,test,0.4853229724423557
C_s0,4,435,test,0.5100545195159186
C_s0,5,522,test,0.44120002196340385
C_s0,6,609,test,0.4662652291096514
C_s0,7,696,test,0.2579314729966935
C_s0,8,783,test,0.4188966228964828
C_s0,9,870,test,0.46056199713269275
C_s0,10,957,test,0.3228079638862299
C_s0,11,1044,test,0.5168354513450455
C_s0,12,1131,test,0.45418441165313705
C_s0,13,1218,test,0.374536317942742
C_s0,14,1305,test,0.3987709100578084
C_s0,15,1392,test,0.4842053805910511
C_s0,16,1479,test,0.4989079510008617
C_s0,17,1566,test,0.5075165240791066
C_s0,18,1653,test,0.4521667030680226
C_s0,19,1740,test,0.49340355715674966
C_s1,0,87,test,0.21482165985533003
C_s1,1,174,test,0.16724365020212179
C_s1,2,261,test,0.4975184116692771
C_s1,3,348,test,0.5020382848528583
C_s1,4,435,test,0.5903438925591378
C_s1,5,522,test,0.6034336536543539
C_s1,6,609,test,0.48145020471130356
C_s1,7,696,test,0.2063337133594575
C_s1,8,783,test,0.39944377569827777
C_s1,9,870,test,0.37018241999067725
C_s1,10,957,test,0.3573897996139103
C_s1,11,1044,test,0.40132585308534774
C_s1,12,1131,test,0.4930887367073402
C_s1,13,1218,test,0.47666707933515673
C_s1,14,1305,test,0.5531906944985976
C_s1,15,1392,test,0.3706159475501168
C_s1,16,1479,test,0.4948642654607704
C_s1,17,1566,test,0.4749583652819082
C_s1,18,1653,test,0.5142319847095095
C_s1,19,1740,test,0.4905519651888247
C_s2,0,87,test,0.14884406915934753
C_s2,1,174,test,0.33382811218953745
C_s2,2,261,test,0.4097743064946811
C_s2,3,348,test,0.5803330444673607
C_s2,4,435,test,0.5464047887170671
C_s2,5,522,test,0.4185260757652139
C_s2,6,609,test,0.485366829026697
C_s2,7,696,test,0.007802894677303782
C_s2,8,783,test,0.3987138025348054
C_s2,9,870,test,0.16517403524323204
C_s2,10,957,test,0.29765707439527317
C_s2,11,1044,test,0.446260111087045
C_s2,12,1131,test,0.47846407016222814
C_s2,13,1218,test,0.33115972877108035
C_s2,14,1305,test,0.37595555602252506
C_s2,15,1392,test,0.4228945503567879
C_s2,16,1479,test,0.41993813837269667
C_s2,17,1566,test,0.4069528913619058
C_s2,18,1653,test,0.41940563268401315
C_s2,19,1740,test,0.45677007105271306
C_s3,0,87,test,0.12970180507012075
C_s3,1,174,test,0.2442424364446411
C_s3,2,261,test,0.40340178788960096
C_s3,3,348,test,0.4445360571865139
C_s3,4,435,test,0.4907588674390328
C_s3,5,522,test,0.3787691866391312
C_s3,6,609,test,0.20388719197798985
C_s3,7,696,test,0.11349191110721216
C_s3,8,783,test,0.3342617161910762
C_s3,9,870,test,0.3727970359897872
C_s3,10,957,test,0.38276856290875905
C_s3,11,1044,test,0.37521198702384645
C_s3,12,1131,test,0.4289867291560415
C_s3,13,1218,test,0.48608722760076817
C_s3,14,1305,test,0.3717702111377206
C_s3,15,1392,test,0.39654809347754477
C_s3,16,1479,test,0.44490695274549424
C_s3,17,1566,test,0.3556505354711401
C_s3,18,1653,test,0.39788423782352367
C_s3,19,1740,test,0.39864058556175097
C_formal80,0,87,test,0.20931200088961832
C_formal80,1,174,test,0.3378364834762435
C_formal80,2,261,test,0.5123779681182813
C_formal80,3,348,test,0.45561661978960455
C_formal80,4,435,test,0.4574829833860256
C_formal80,5,522,test,0.5873643057591397
C_formal80,6,609,test,0.2776114885346501
C_formal80,7,696,test,0.013868198856618417
C_formal80,8,783,test,0.32944857866164606
C_formal80,9,870,test,0.21722055567540055
C_formal80,10,957,test,0.34260979985816287
C_formal80,11,1044,test,0.35405005695436387
C_formal80,12,1131,test,0.4878195678263406
C_formal80,13,1218,test,0.1819215519638919
C_formal80,14,1305,test,0.45607207015249007
C_formal80,15,1392,test,0.38472372472913297
C_formal80,16,1479,test,0.43539397015976045
C_formal80,17,1566,test,0.4518361230351602
C_formal80,18,1653,test,0.4138668924068181
C_formal80,19,1740,test,0.4742234805709363
C_formal80,20,1827,test,0.3713131704533663
C_formal80,21,1914,test,0.4834009645914156
C_formal80,22,2001,test,0.43574471638820633
C_formal80,23,2088,test,0.4777138585285111
C_formal80,24,2175,test,0.45268427670125955
C_formal80,25,2262,test,0.4521779763271436
C_formal80,26,2349,test,0.5303346921303038
C_formal80,27,2436,test,0.35452533501986183
C_formal80,28,2523,test,0.41687864201600705
C_formal80,29,2610,test,0.4760188563717171
C_formal80,30,2697,test,0.4306639476370674
C_formal80,31,2784,test,0.49196045362178237
C_formal80,32,2871,test,0.5330854087395331
C_formal80,33,2958,test,0.48688723372630227
C_formal80,34,3045,test,0.5282608824305581
C_formal80,35,3132,test,0.49322592422099826
C_formal80,36,3219,test,0.44305748365906616
C_formal80,37,3306,test,0.5275246738716162
C_formal80,38,3393,test,0.534667668235236
C_formal80,39,3480,test,0.5457161263538127
C_formal80,40,3567,test,0.48096048255304846
C_formal80,41,3654,test,0.5365604582717548
C_formal80,42,3741,test,0.582635494079512
C_formal80,43,3828,test,0.5992918218063732
C_formal80,44,3915,test,0.6317841119879041
C_formal80,45,4002,test,0.13358243181693913
C_formal80,46,4089,test,0.5626709330095927
C_formal80,47,4176,test,0.559672316177898
C_formal80,48,4263,test,0.45634931772280457
C_formal80,49,4350,test,0.5234255487873472
C_formal80,50,4437,test,0.5357194171033794
C_formal80,51,4524,test,0.5817871666438321
C_formal80,52,4611,test,0.6099375286101396
C_formal80,53,4698,test,0.49118746987390377
C_formal80,54,4785,test,0.5501897807211209
C_formal80,55,4872,test,0.5453012803906879
C_formal80,56,4959,test,0.5840285450950329
C_formal80,57,5046,test,0.6032851027549734
C_formal80,58,5133,test,0.5604952195486765
C_formal80,59,5220,test,0.5866828032637283
C_formal80,60,5307,test,0.5825127973384503
C_formal80,61,5394,test,0.5867844360601857
C_formal80,62,5481,test,0.5462502903051834
C_formal80,63,5568,test,0.5094008305787151
C_formal80,64,5655,test,0.5898323343541831
C_formal80,65,5742,test,0.6202869653220653
C_formal80,66,5829,test,0.6331920662228501
C_formal80,67,5916,test,0.6159394633869684
C_formal80,68,6003,test,0.473942419197805
C_formal80,69,6090,test,0.6265399469601712
C_formal80,70,6177,test,0.6461911575995178
C_formal80,71,6264,test,0.6154424975358206
C_formal80,72,6351,test,0.6340767101145565
C_formal80,73,6438,test,0.593141506906044
C_formal80,74,6525,test,0.6390175318281502
C_formal80,75,6612,test,0.5935018735773381
C_formal80,76,6699,test,0.5859765893974914
C_formal80,77,6786,test,0.5616667531691729
C_formal80,78,6873,test,0.5935745921532576
C_formal80,79,6960,test,0.5673560359092529
D_s0,0,42,test,0.0020939976506714466
D_s0,1,84,test,0.011106755894034778
D_s0,2,126,test,0.19528135771756672
D_s0,3,168,test,0.29181034198123534
D_s0,4,210,test,0.14262962647300087
D_s0,5,252,test,0.13783686872192916
D_s0,6,294,test,0.11365756438838656
D_s0,7,336,test,0.33218544650291726
D_s0,8,378,test,0.361017836631091
D_s0,9,420,test,0.44189757572990784
D_s0,10,462,test,0.4593721954438891
D_s0,11,504,test,0.3673725523368485
D_s0,12,546,test,0.037736162568827676
D_s0,13,588,test,0.19130039815194766
D_s0,14,630,test,0.3687999700735764
D_s0,15,672,test,0.13310558085059296
D_s0,16,714,test,0.41623115497692026
D_s0,17,756,test,0.43785300394538995
D_s0,18,798,test,0.4238938210896472
D_s0,19,840,test,0.3911393137523209
D_s1,0,42,test,2.1564028403820114e-10
D_s1,1,84,test,0.0009580437367438928
D_s1,2,126,test,0.08156141391891311
D_s1,3,168,test,0.24665838015794017
D_s1,4,210,test,0.17672056371169678
D_s1,5,252,test,0.1942255710009872
D_s1,6,294,test,0.11729835625688412
D_s1,7,336,test,0.184817393833938
D_s1,8,378,test,0.12972854518112745
D_s1,9,420,test,0.2903784277671184
D_s1,10,462,test,0.4048184515282462
D_s1,11,504,test,0.32568956236622454
D_s1,12,546,test,0.23686171849164803
D_s1,13,588,test,0.21990482568234213
D_s1,14,630,test,0.2435196654707033
D_s1,15,672,test,0.034735644206045385
D_s1,16,714,test,0.2442806658982313
D_s1,17,756,test,0.2904175028628919
D_s1,18,798,test,0.2669553114031685
D_s1,19,840,test,0.23500561163352185
D_s2,0,42,test,0.11401939973578429
D_s2,1,84,test,0.0009909714933796624
D_s2,2,126,test,0.16281736337876349
D_s2,3,168,test,0.23747569254397682
D_s2,4,210,test,0.33801934643845555
D_s2,5,252,test,0.33613144561317515
D_s2,6,294,test,0.13678785427705176
D_s2,7,336,test,0.2515523886766985
D_s2,8,378,test,0.36239981007107214
D_s2,9,420,test,0.39168934948607037
D_s2,10,462,test,0.26919146334583327
D_s2,11,504,test,0.3550615334125145
D_s2,12,546,test,0.3490718653380358
D_s2,13,588,test,0.13494525801844734
D_s2,14,630,test,0.29408928739692425
D_s2,15,672,test,0.10566872774359734
D_s2,16,714,test,0.35845681759093595
D_s2,17,756,test,0.3687467094874733
D_s2,18,798,test,0.3461722337463133
D_s2,19,840,test,0.32612846634899373
D_s3,0,42,test,0.00023860392520605534
D_s3,1,84,test,0.0017633574940305902
D_s3,2,126,test,0.2226027054746005
D_s3,3,168,test,0.05632918810716715
D_s3,4,210,test,0.14647886672403113
D_s3,5,252,test,0.17125131060585702
D_s3,6,294,test,0.08335998639337429
D_s3,7,336,test,0.20083285689668004
D_s3,8,378,test,0.09020478176956219
D_s3,9,420,test,0.17369792499729775
D_s3,10,462,test,0.24378669128218303
D_s3,11,504,test,0.29642204874991607
D_s3,12,546,test,0.08548660339319565
D_s3,13,588,test,0.21442260508455024
D_s3,14,630,test,0.2601834947737773
D_s3,15,672,test,0.050289759351778596
D_s3,16,714,test,0.254270379454889
D_s3,17,756,test,0.27295775020892504
D_s3,18,798,test,0.23188435244714334
D_s3,19,840,test,0.20840616752483743
D_formal80,0,42,test,0.0011278572096194415
D_formal80,1,84,test,0.03089613094492958
D_formal80,2,126,test,0.21080397540567164
D_formal80,3,168,test,0.24377490665252288
D_formal80,4,210,test,0.25852893889321554
D_formal80,5,252,test,0.0658794351087786
D_formal80,6,294,test,0.1360707453401678
D_formal80,7,336,test,0.27221354376299534
D_formal80,8,378,test,0.43575046483222046
D_formal80,9,420,test,0.2952064816197199
D_formal80,10,462,test,0.38971555949632297
D_formal80,11,504,test,0.35455110864851413
D_formal80,12,546,test,0.13649573761276043
D_formal80,13,588,test,0.39095316777471123
D_formal80,14,630,test,0.49285789361226573
D_formal80,15,672,test,0.3077771072324235
D_formal80,16,714,test,0.3876439481982675
D_formal80,17,756,test,0.4218729041849385
D_formal80,18,798,test,0.42317742142377657
D_formal80,19,840,test,0.17126058568388902
D_formal80,20,882,test,0.10428880161679493
D_formal80,21,924,test,0.184237534213739
D_formal80,22,966,test,0.39148819232385135
D_formal80,23,1008,test,0.10366315297925116
D_formal80,24,1050,test,0.3627521723524653
D_formal80,25,1092,test,0.35414265993589905
D_formal80,26,1134,test,0.4507854310973058
D_formal80,27,1176,test,0.28264274718741994
D_formal80,28,1218,test,0.30560618061718936
D_formal80,29,1260,test,0.43275909462262446
D_formal80,30,1302,test,0.018295259988836663
D_formal80,31,1344,test,0.41550796510392496
D_formal80,32,1386,test,0.14374179013243737
D_formal80,33,1428,test,0.35097678698681356
D_formal80,34,1470,test,0.4289049119703446
D_formal80,35,1512,test,0.45004258879898407
D_formal80,36,1554,test,0.4696764809614324
D_formal80,37,1596,test,0.49630270705979734
D_formal80,38,1638,test,0.37983964029023676
D_formal80,39,1680,test,0.07848264399981436
D_formal80,40,1722,test,0.3638593412237766
D_formal80,41,1764,test,0.41796557678201607
D_formal80,42,1806,test,0.5001823605331749
D_formal80,43,1848,test,0.4083915448772901
D_formal80,44,1890,test,0.4856220315093675
D_formal80,45,1932,test,0.36432100525269606
D_formal80,46,1974,test,0.1949117762878441
D_formal80,47,2016,test,0.4682718710400877
D_formal80,48,2058,test,0.5170799927201122
D_formal80,49,2100,test,0.45860582508948416
D_formal80,50,2142,test,0.42721691698934927
D_formal80,51,2184,test,0.4213291978357807
D_formal80,52,2226,test,0.4738509843919071
D_formal80,53,2268,test,0.4606717617273278
D_formal80,54,2310,test,0.501201031578828
D_formal80,55,2352,test,0.3995908090291213
D_formal80,56,2394,test,0.44325569427482875
D_formal80,57,2436,test,0.4529283104821042
D_formal80,58,2478,test,0.5031194840533424
D_formal80,59,2520,test,0.5370209892079258
D_formal80,60,2562,test,0.5276773501440388
D_formal80,61,2604,test,0.5142723701634835
D_formal80,62,2646,test,0.26246251871116466
D_formal80,63,2688,test,0.3997603236997855
D_formal80,64,2730,test,0.44412673192913665
D_formal80,65,2772,test,0.4358864169183462
D_formal80,66,2814,test,0.43631189684967514
D_formal80,67,2856,test,0.45296250160371143
D_formal80,68,2898,test,0.449939025117584
D_formal80,69,2940,test,0.4710588638179788
D_formal80,70,2982,test,0.4748162452015321
D_formal80,71,3024,test,0.4587312796513355
D_formal80,72,3066,test,0.4405325292050072
D_formal80,73,3108,test,0.48523067499165873
D_formal80,74,3150,test,0.4780617951327572
D_formal80,75,3192,test,0.4901261224066504
D_formal80,76,3234,test,0.48380877307469294
D_formal80,77,3276,test,0.4779515521830477
D_formal80,78,3318,test,0.48576265358102655
D_formal80,79,3360,test,0.49616423512164354
E_s0,0,146,test,0.00013561431622835887
E_s0,1,292,test,0.2069424515961324
E_s0,2,438,test,0.13394990259449863
E_s0,3,584,test,0.29885602118925647
E_s0,4,730,test,0.4552062992528153
E_s0,5,876,test,0.5555987702334324
E_s0,6,1022,test,0.4763893480542282
E_s0,7,1168,test,0.5738704945229954
E_s0,8,1314,test,0.4168647266726409
E_s0,9,1460,test,0.49133810826923696
E_s0,10,1606,test,0.47532046003683903
E_s0,11,1752,test,0.6174106925359258
E_s0,12,1898,test,0.5015813452990767
E_s0,13,2044,test,0.6296809987172501
E_s0,14,2190,test,0.6018387613131004
E_s0,15,2336,test,0.5564518012876063
E_s0,16,2482,test,0.5723682203004465
E_s0,17,2628,test,0.6140687907352577
E_s0,18,2774,test,0.6149487153956312
E_s0,19,2920,test,0.5859972986284547
E_s1,0,146,test,0.30955166931264644
E_s1,1,292,test,0.35493205044964515
E_s1,2,438,test,0.37630877331511225
E_s1,3,584,test,0.20499160198036337
E_s1,4,730,test,0.390734534879428
E_s1,5,876,test,0.5554520692871149
E_s1,6,1022,test,0.5083432293552888
E_s1,7,1168,test,0.5401808469771868
E_s1,8,1314,test,0.456435341251982
E_s1,9,1460,test,0.5229880988563342
E_s1,10,1606,test,0.46537143387489344
E_s1,11,1752,test,0.5827126539260578
E_s1,12,1898,test,0.48181042168537525
E_s1,13,2044,test,0.5615818828065731
E_s1,14,2190,test,0.5618925911915784
E_s1,15,2336,test,0.6047718589787087
E_s1,16,2482,test,0.6318443739405437
E_s1,17,2628,test,0.6292558940037232
E_s1,18,2774,test,0.6314873445035452
E_s1,19,2920,test,0.6279808723152985
E_s2,0,146,test,0.3882726078466567
E_s2,1,292,test,0.14602738974421167
E_s2,2,438,test,0.43006953327316777
E_s2,3,584,test,0.2896774521847111
E_s2,4,730,test,0.2530608087269375
E_s2,5,876,test,0.2673400547983451
E_s2,6,1022,test,0.5121514237866531
E_s2,7,1168,test,0.6224317536367238
E_s2,8,1314,test,0.4256084711763968
E_s2,9,1460,test,0.5012276384160695
E_s2,10,1606,test,0.5130156305483649
E_s2,11,1752,test,0.6006653954837724
E_s2,12,1898,test,0.5058373950327442
E_s2,13,2044,test,0.5917023013150287
E_s2,14,2190,test,0.6163639163300698
E_s2,15,2336,test,0.5441633481812003
E_s2,16,2482,test,0.5417510509038745
E_s2,17,2628,test,0.5657122858858316
E_s2,18,2774,test,0.5761936675328111
E_s2,19,2920,test,0.5719184765669862
E_s3,0,146,test,2.55875091532021e-10
E_s3,1,292,test,0.32855696016174096
E_s3,2,438,test,0.23055209273668303
E_s3,3,584,test,0.1245819041623214
E_s3,4,730,test,0.33839690210902595
E_s3,5,876,test,0.4075075656206296
E_s3,6,1022,test,0.44539060982447
E_s3,7,1168,test,0.4323942388376625
E_s3,8,1314,test,0.2436270825955478
E_s3,9,1460,test,0.4706968058292834
E_s3,10,1606,test,0.26627457730341786
E_s3,11,1752,test,0.4363613189994795
E_s3,12,1898,test,0.30639716066276085
E_s3,13,2044,test,0.3452069594981853
E_s3,14,2190,test,0.3522361938825659
E_s3,15,2336,test,0.4073908093917228
E_s3,16,2482,test,0.3184140731384424
E_s3,17,2628,test,0.3637176854999139
E_s3,18,2774,test,0.3395357661175818
E_s3,19,2920,test,0.365295180355479
E_formal80,0,146,test,0.36468838344145493
E_formal80,1,292,test,0.3395282886587286
E_formal80,2,438,test,0.362611467316924
E_formal80,3,584,test,0.3024628132719832
E_formal80,4,730,test,0.1252174299101314
E_formal80,5,876,test,0.4618663955412815
E_formal80,6,1022,test,0.39597004271023817
E_formal80,7,1168,test,0.5504135984358078
E_formal80,8,1314,test,0.5416614604871666
E_formal80,9,1460,test,0.49064253724615986
E_formal80,10,1606,test,0.3955420536374968
E_formal80,11,1752,test,0.579492650880442
E_formal80,12,1898,test,0.34040808100449194
E_formal80,13,2044,test,0.522165466677851
E_formal80,14,2190,test,0.5648679069059988
E_formal80,15,2336,test,0.5362741911116219
E_formal80,16,2482,test,0.5226083901537073
E_formal80,17,2628,test,0.4063392710160959
E_formal80,18,2774,test,0.5333649984652475
E_formal80,19,2920,test,0.48088806080778834
E_formal80,20,3066,test,0.5750067893992628
E_formal80,21,3212,test,0.456515901619521
E_formal80,22,3358,test,0.4786357647733842
E_formal80,23,3504,test,0.4914589858316718
E_formal80,24,3650,test,0.5308520648045381
E_formal80,25,3796,test,0.6174006835412089
E_formal80,26,3942,test,0.553636159658011
E_formal80,27,4088,test,0.5853901203250333
E_formal80,28,4234,test,0.5831046254236991
E_formal80,29,4380,test,0.647818930205489
E_formal80,30,4526,test,0.5673135548213374
E_formal80,31,4672,test,0.5702653873566195
E_formal80,32,4818,test,0.5315329309754215
E_formal80,33,4964,test,0.5610157588964192
E_formal80,34,5110,test,0.46931796091459277
E_formal80,35,5256,test,0.37552711390822513
E_formal80,36,5402,test,0.5254504469683212
E_formal80,37,5548,test,0.5349788312095283
E_formal80,38,5694,test,0.5426012907113699
E_formal80,39,5840,test,0.5274785237304228
E_formal80,40,5986,test,0.5626560170786608
E_formal80,41,6132,test,0.5815803626102578
E_formal80,42,6278,test,0.48059162681647793
E_formal80,43,6424,test,0.6317422876674926
E_formal80,44,6570,test,0.5902402318031091
E_formal80,45,6716,test,0.597878317794212
E_formal80,46,6862,test,0.48426528155823706
E_formal80,47,7008,test,0.6429108157318291
E_formal80,48,7154,test,0.6594832008766676
E_formal80,49,7300,test,0.6167663836006171
E_formal80,50,7446,test,0.5786711924262214
E_formal80,51,7592,test,0.5395623231731095
E_formal80,52,7738,test,0.6585046668166616
E_formal80,53,7884,test,0.6545658677594406
E_formal80,54,8030,test,0.6536336544268753
E_formal80,55,8176,test,0.570323545392531
E_formal80,56,8322,test,0.6457943394508884
E_formal80,57,8468,test,0.567166830511662
E_formal80,58,8614,test,0.5946485028907097
E_formal80,59,8760,test,0.6318369576624316
E_formal80,60,8906,test,0.5695099469219649
E_formal80,61,9052,test,0.657594846351269
E_formal80,62,9198,test,0.6136601494554919
E_formal80,63,9344,test,0.6432961350392267
E_formal80,64,9490,test,0.6641243664262212
E_formal80,65,9636,test,0.7010576575508248
E_formal80,66,9782,test,0.6970784070791514
E_formal80,67,9928,test,0.667988443458626
E_formal80,68,10074,test,0.5853843895727182
E_formal80,69,10220,test,0.6092606279667643
E_formal80,70,10366,test,0.6757367727776917
E_formal80,71,10512,test,0.6829699097475621
E_formal80,72,10658,test,0.6091375857242611
E_formal80,73,10804,test,0.7053657033598169
E_formal80,74,10950,test,0.6569803521130364
E_formal80,75,11096,test,0.6895976831006254
E_formal80,76,11242,test,0.6792886003952678
E_formal80,77,11388,test,0.698912545057354
E_formal80,78,11534,test,0.7001019896007928
E_formal80,79,11680,test,0.6941163185546892
F_s0,0,176,test,0.11270346194289452
F_s0,1,352,test,0.06444208066509459
F_s0,2,528,test,0.3444168931043592
F_s0,3,704,test,0.4719205617166679
F_s0,4,880,test,0.34755498075763847
F_s0,5,1056,test,0.370346432317874
F_s0,6,1232,test,0.5023978349567363
F_s0,7,1408,test,0.32338405474019644
F_s0,8,1584,test,0.3243372387747356
F_s0,9,1760,test,0.40115494314811195
F_s0,10,1936,test,0.30756426420976934
F_s0,11,2112,test,0.4456234386100254
F_s0,12,2288,test,0.3424226741005937
F_s0,13,2464,test,0.44104748704527286
F_s0,14,2640,test,0.546565928593348
F_s0,15,2816,test,0.497541235994424
F_s0,16,2992,test,0.5142023849803069
F_s0,17,3168,test,0.551019181071136
F_s0,18,3344,test,0.509763478557099
F_s0,19,3520,test,0.5164962945632391
F_s1,0,176,test,2.898182580895654e-10
F_s1,1,352,test,0.07170364478967338
F_s1,2,528,test,0.16211826800250462
F_s1,3,704,test,0.18893769577231487
F_s1,4,880,test,0.5253954758418727
F_s1,5,1056,test,0.39945868425277525
F_s1,6,1232,test,0.5555195023318296
F_s1,7,1408,test,0.10690915012122257
F_s1,8,1584,test,0.3386671266522841
F_s1,9,1760,test,0.6448172191949815
F_s1,10,1936,test,0.43810501101733673
F_s1,11,2112,test,0.49094219832636987
F_s1,12,2288,test,0.4237122726811176
F_s1,13,2464,test,0.390094094429725
F_s1,14,2640,test,0.5538273556344183
F_s1,15,2816,test,0.502093217309619
F_s1,16,2992,test,0.5293354662789178
F_s1,17,3168,test,0.5964745449633527
F_s1,18,3344,test,0.6071154601944132
F_s1,19,3520,test,0.5593362163421123
F_s2,0,176,test,0.29979968516741107
F_s2,1,352,test,0.09015703395464678
F_s2,2,528,test,0.19221765911390593
F_s2,3,704,test,0.009610783336870939
F_s2,4,880,test,0.5092391032932012
F_s2,5,1056,test,0.3735770612598991
F_s2,6,1232,test,0.4942562292762716
F_s2,7,1408,test,0.2514923234328402
F_s2,8,1584,test,0.35155811584683044
F_s2,9,1760,test,0.5355597430237746
F_s2,10,1936,test,0.37456531617723293
F_s2,11,2112,test,0.40506739032734157
F_s2,12,2288,test,0.4250082859165139
F_s2,13,2464,test,0.5821732055516093
F_s2,14,2640,test,0.5725482004327854
F_s2,15,2816,test,0.4896251579442074
F_s2,16,2992,test,0.4898057313641013
F_s2,17,3168,test,0.5821189810200933
F_s2,18,3344,test,0.4571659029351268
F_s2,19,3520,test,0.46150215050056287
F_s3,0,176,test,0.09492699806741431
F_s3,1,352,test,0.05907488873880832
F_s3,2,528,test,0.12110605053620951
F_s3,3,704,test,0.535926405751126
F_s3,4,880,test,0.5261170550446652
F_s3,5,1056,test,0.2579670648591005
F_s3,6,1232,test,0.3352382871892513
F_s3,7,1408,test,0.4457418269292406
F_s3,8,1584,test,0.3038393744413244
F_s3,9,1760,test,0.6046326880561381
F_s3,10,1936,test,0.3866846786218717
F_s3,11,2112,test,0.4258441511001222
F_s3,12,2288,test,0.5278582837129105
F_s3,13,2464,test,0.509079395215758
F_s3,14,2640,test,0.5088604605462839
F_s3,15,2816,test,0.41148801223603587
F_s3,16,2992,test,0.429304029705452
F_s3,17,3168,test,0.4960898569009465
F_s3,18,3344,test,0.5345125560050242
F_s3,19,3520,test,0.4516517531181619
F_formal80,0,176,test,0.22833714031873953
F_formal80,1,352,test,0.06236383700688658
F_formal80,2,528,test,0.3002577628944737
F_formal80,3,704,test,0.49957034614598583
F_formal80,4,880,test,0.4789673285212303
F_formal80,5,1056,test,0.3644935401687853
F_formal80,6,1232,test,0.4704927352795135
F_formal80,7,1408,test,0.31077935562755676
F_formal80,8,1584,test,0.2911939880642745
F_formal80,9,1760,test,0.5793801966121035
F_formal80,10,1936,test,0.2849432270234505
F_formal80,11,2112,test,0.42721604716302064
F_formal80,12,2288,test,0.4775229472304777
F_formal80,13,2464,test,0.5329506666354107
F_formal80,14,2640,test,0.5969705255313407
F_formal80,15,2816,test,0.6163614894881445
F_formal80,16,2992,test,0.5702998066513991
F_formal80,17,3168,test,0.553640686198831
F_formal80,18,3344,test,0.6173176418135482
F_formal80,19,3520,test,0.538205354184415
F_formal80,20,3696,test,0.547721076015364
F_formal80,21,3872,test,0.5778916155004398
F_formal80,22,4048,test,0.26881244216613553
F_formal80,23,4224,test,0.5424248397662581
F_formal80,24,4400,test,0.551772095692505
F_formal80,25,4576,test,0.6538067149037257
F_formal80,26,4752,test,0.5319781156495275
F_formal80,27,4928,test,0.4346928594539851
F_formal80,28,5104,test,0.4847298021234467
F_formal80,29,5280,test,0.5788912877158643
F_formal80,30,5456,test,0.5451809172078466
F_formal80,31,5632,test,0.5002136654469607
F_formal80,32,5808,test,0.45005423394485417
F_formal80,33,5984,test,0.48750763309177775
F_formal80,34,6160,test,0.6288935239881592
F_formal80,35,6336,test,0.5328529287320085
F_formal80,36,6512,test,0.5387151909712615
F_formal80,37,6688,test,0.5650499367179764
F_formal80,38,6864,test,0.475746349005359
F_formal80,39,7040,test,0.632192673160598
F_formal80,40,7216,test,0.6328590591042232
F_formal80,41,7392,test,0.5579684303616539
F_formal80,42,7568,test,0.5212062571760818
F_formal80,43,7744,test,0.4395312986883059
F_formal80,44,7920,test,0.45510606634941075
F_formal80,45,8096,test,0.5746169663093336
F_formal80,46,8272,test,0.6307583981850888
F_formal80,47,8448,test,0.5500736888481192
F_formal80,48,8624,test,0.5689037397564431
F_formal80,49,8800,test,0.5563355304533554
F_formal80,50,8976,test,0.6787189996941617
F_formal80,51,9152,test,0.6353999371407454
F_formal80,52,9328,test,0.5961197443944839
F_formal80,53,9504,test,0.6086065392324219
F_formal80,54,9680,test,0.5726094579970027
F_formal80,55,9856,test,0.5368837316267473
F_formal80,56,10032,test,0.6688712463291012
F_formal80,57,10208,test,0.5888004514098638
F_formal80,58,10384,test,0.5977062716114573
F_formal80,59,10560,test,0.6145889137181699
F_formal80,60,10736,test,0.6649548120225418
F_formal80,61,10912,test,0.6122726667222846
F_formal80,62,11088,test,0.5767211493060593
F_formal80,63,11264,test,0.5955979964293605
F_formal80,64,11440,test,0.5388597448895684
F_formal80,65,11616,test,0.5549202566342424
F_formal80,66,11792,test,0.5914927539439805
F_formal80,67,11968,test,0.5931653558389621
F_formal80,68,12144,test,0.532830143108964
F_formal80,69,12320,test,0.5925288241336473
F_formal80,70,12496,test,0.6376515787572858
F_formal80,71,12672,test,0.587339776185233
F_formal80,72,12848,test,0.6101762111687917
F_formal80,73,13024,test,0.6242023264799303
F_formal80,74,13200,test,0.6067598767012007
F_formal80,75,13376,test,0.5840954570661531
F_formal80,76,13552,test,0.585946556832899
F_formal80,77,13728,test,0.6497790807141739
F_formal80,78,13904,test,0.5751504267755188
F_formal80,79,14080,test,0.5937362058371356
